-- 月子小家 数据库初始化脚本 - 包含原始数据
-- 开发者：Antigravity
-- 执行方法：ssh dapai 后执行 mysql -u root -p < init.sql

CREATE DATABASE IF NOT EXISTS paipai DEFAULT CHARACTER SET utf8mb4 COLLATE utf8mb4_unicode_ci;
USE paipai;

-- 1. 月子餐表
CREATE TABLE IF NOT EXISTS `meals` (
  `id` INT AUTO_INCREMENT PRIMARY KEY,
  `week` INT NOT NULL,
  `meal_type` VARCHAR(20) NOT NULL,
  `name` VARCHAR(100) NOT NULL,
  `description` TEXT,
  `tags` JSON,
  `avoid` TEXT
) ENGINE=InnoDB DEFAULT CHARSET=utf8mb4;

INSERT INTO `meals` (`id`, `week`, `meal_type`, `name`, `description`, `tags`, `avoid`) VALUES
(1, 1, '早餐', '小米粥', '健脾养胃，适合产后第一周，温热食用效果更佳。', '["开胃", "易消化"]', '不宜加糖过多，保持清淡'),
(2, 1, '早餐', '蒸蛋羹', '补充蛋白质，质地软嫩，易于吸收，产后第一周最佳早餐之一。', '["补蛋白", "易吸收"]', '不加酱油等重口味调料'),
(3, 1, '午餐', '猪肝汤', '补铁补血，帮助恶露排出，适合产后第一周食用。', '["补血", "排恶露"]', '猪肝不宜过量，每周2-3次即可'),
(4, 1, '午餐', '清蒸鲫鱼', '促进乳汁分泌，营养丰富，清蒸保留原味。', '["催乳", "高蛋白"]', '避免油炸做法'),
(5, 1, '晚餐', '红枣小米粥', '温补气血，安神助眠，帮助产后恢复体力。', '["补气血", "安神"]', '红枣不宜过多，5-8颗即可'),
(6, 1, '汤水', '生化汤', '活血化瘀，帮助子宫复原，促进恶露排出，产后第一周必喝。', '["化瘀", "排恶露", "复原"]', '剖腹产妈妈遵医嘱，不可自行大量饮用'),
(7, 1, '加餐', '核桃糊', '补脑益智，含丰富不饱和脂肪酸，有助于伤口修复。', '["补脑", "修复"]', '适量食用，每次一小碗'),
(8, 2, '早餐', '黑芝麻糊', '乌发润肤，促进乳汁分泌，适合第二周开始增加营养。', '["催乳", "滋补"]', '腹泻时不宜食用'),
(9, 2, '午餐', '花生猪脚汤', '通乳催乳经典汤品，胶原蛋白丰富，帮助伤口愈合。', '["催乳", "补胶原"]', '第一周不宜喝，第二周乳腺通畅后再饮用'),
(10, 2, '晚餐', '清炒时蔬', '补充膳食纤维，预防产后便秘，第二周可适当增加蔬菜。', '["通便", "补维生素"]', '避免生冷蔬菜'),
(11, 2, '汤水', '木瓜牛奶汤', '丰胸催乳，补充钙质，口感香甜，产后第二周补充营养佳品。', '["催乳", "补钙"]', '对奶制品过敏者慎饮'),
(12, 3, '早餐', '燕麦牛奶粥', '补充能量，富含B族维生素，帮助产后体力恢复。', '["补能量", "高纤维"]', '避免速溶燕麦片，选纯燕麦'),
(13, 3, '午餐', '红豆薏米饭', '祛湿消肿，有助于消除产后水肿，第三周开始可食用。', '["祛湿", "消肿"]', '孕期禁食，产后第三周方可食用'),
(14, 4, '午餐', '香菇鸡汤', '增强免疫力，补充营养，第四周可恢复较正常饮食。', '["补免疫", "滋补"]', '去皮去油更健康');

-- 2. 月子知识表
CREATE TABLE IF NOT EXISTS `knowledge` (
  `id` INT AUTO_INCREMENT PRIMARY KEY,
  `category` VARCHAR(50) NOT NULL,
  `title` VARCHAR(200) NOT NULL,
  `summary` TEXT,
  `content` TEXT
) ENGINE=InnoDB DEFAULT CHARSET=utf8mb4;

INSERT INTO `knowledge` (`id`, `category`, `title`, `summary`, `content`) VALUES
(1, '饮食', '月子期间为什么不能吃生冷食物？', '产后体虚，生冷食物会使寒气入侵，影响恢复和乳汁分泌。', '产后妈妈气血两虚，脾胃功能较弱，生冷食物容易引起腹痛、腹泻，不利于子宫收缩和恶露排出。建议所有食物加热后食用，水果可室温食用或温热后适量食用。'),
(2, '饮食', '月子里能不能吃盐？', '可以适量吃盐，完全不吃盐反而不利于健康。', '传统观念中月子里不能吃盐，但这是误区。完全无盐饮食会导致低钠血症，影响妈妈身体机能。正确做法是少盐、清淡，避免腌制品和重口味调料，正常调味即可。'),
(3, '饮食', '喝汤真的能催乳吗？', '汤水有助于补充水分，但催乳关键是宝宝的吸吮刺激。', '猪脚汤、鲫鱼汤等汤品确实有一定的催乳作用，但催乳最重要的因素是宝宝频繁有效的吸吮，以及妈妈保持良好情绪和充足休息。喝汤主要补充水分 and 营养，不能代替正确的哺乳技巧。'),
(4, '恢复', '产后多久可以开始运动？', '顺产2-3天可下床走动，4-6周后可系统性产后恢复训练。', '顺产无并发症的妈妈，产后24小时即可下床缓慢走动，有助于恢复。但系统的产后恢复运动建议在满6周产后检查后，在专业指导下进行。剖腹产妈妈恢复时间更长，需遵医嘱。'),
(5, '恢复', '盆底肌训练要怎么做？', '凯格尔运动是最基础的盆底肌训练，产后尽早开始。', '凯格尔运动：收缩会阴和肛门肌肉，保持5秒后放松，重复10次为一组，每天3-4组。可以在喂奶、看手机时同步进行。产后盆底肌训练能有效预防漏尿、子宫脱垂等问题，建议长期坚持。'),
(6, '恢复', '产后多久可以洗头洗澡？', '顺产后3天即可洗澡，关键是洗后立即吹干，避免着凉。', '传统「不能洗头洗澡」是旧时条件差（无热水、无空调）的无奈之举。现代条件下，顺产后3天、剖腹产伤口愈合后（约7-10天）即可洗澡。注意：水温适宜，洗完立即用吹风机吹干头发，保暖防风。'),
(7, '宝宝', '新生儿黄疸需要停母乳吗？', '生理性黄疸一般无需停母乳，母乳性黄疸也建议继续母乳。', '生理性黄疸通常在出生后2-3天出现，7-14天消退，无需特殊处理，多喂母乳促进排便有助尽快消退。母乳性黄疸可能持续更长，但程度不重的情况下，建议继续母乳喂养。如黄疸值过高，遵医嘱处理。'),
(8, '宝宝', '宝宝一直哭怎么办？', '依次排查：饿了、尿了、不舒服、需要安抚，逐一处理。', '宝宝哭闹排查顺序：1.是否饿了（上次喂奶超过2小时）；2.是否需要换尿布；3.是否太冷或太热；4.是否有不适（腹胀、肠绞痛）；5.需要抱抱和安抚。肠绞痛高发期在2周-4个月，每天固定时段哭闹，可以尝试腹部按摩和飞机抱（俯卧抱于前臂上）。'),
(9, '心理', '产后情绪低落是产后抑郁吗？', '产后情绪波动正常，但持续2周以上需要专业评估。', '产后3-5天情绪敏感、爱哭，是正常的产后情绪波动（baby blues），通常自行好转。若持续超过2周，伴有无法入睡、对宝宝无感、严重焦虑，则可能是产后抑郁，需要心理咨询或医疗干预。家人的陪伴和理解是最好的支持。'),
(10, '心理', '爸爸在月子里能做什么？', '爸爸是月子期最重要的支持者，从精神到实际都不可缺席。', '爸爸在月子期的角色：1.夜间分担：换尿布、安抚宝宝；2.保护妈妈休息，管控探访；3.情绪支持：多鼓励、少批评；4.家务后勤：准备饮食、采购物资；5.学习育儿技能，与妈妈共同成长。研究表明，爸爸的参与程度是影响产后抑郁的重要因素之一。');

-- 3. 妈妈照护表
CREATE TABLE IF NOT EXISTS `mother_care` (
  `week` INT PRIMARY KEY,
  `title` VARCHAR(200) NOT NULL,
  `summary` TEXT,
  `key_points` JSON,
  `diet_advice` JSON,
  `rest_advice` JSON,
  `warnings` JSON
) ENGINE=InnoDB DEFAULT CHARSET=utf8mb4;

INSERT INTO `mother_care` (`week`, `title`, `summary`, `key_points`, `diet_advice`, `rest_advice`, `warnings`) VALUES
(1, '第一周：排出恶露，子宫复原', '产后第1-7天，以修复为主，饮食清淡易吸收，重点帮助子宫复原和恶露排出。', '["保持充分卧床休息，避免久站久坐", "每天观察恶露颜色和量，如有异常及时告知家人", "伤口护理：顺产侧切或撕裂处保持干燥清洁", "母乳喂养：按需哺乳，帮助子宫收缩"]', '["以流食、半流食为主，如小米粥、蒸蛋", "多喝温热的汤水，促进排恶露", "避免生冷食物，不吃辛辣刺激"]', '["每天保证8小时以上睡眠", "宝宝睡时妈妈同步休息", "少量下床活动，避免疲劳"]', '["恶露颜色由红变暗红再变淡粉，属正常进展", "若恶露突然增多或有异味，需及时就医", "产后情绪波动正常，家人需多陪伴和鼓励"]'),
(2, '第二周：收缩内脏，补充营养', '产后第8-14天，身体开始适应，可逐步增加营养摄入，帮助乳汁分泌。', '["开始腹式深呼吸，帮助收缩腹部", "恶露量减少，颜色逐渐变淡", "乳汁分泌趋于稳定，哺乳节奏建立", "情绪管理：警惕产后抑郁早期信号"]', '["可增加鸡汤、鱼汤等催乳汤品", "加入花生、核桃等坚果类食物", "适量增加蔬菜，补充维生素"]', '["可适当在室内缓慢走动", "保持良好睡眠，避免过度疲劳", "哺乳时注意姿势，避免腰酸背痛"]', '["警惕急性乳腺炎：乳房红肿热痛需及时处理", "如持续情绪低落超过两周，需专业评估", "内裤保持透气干燥，预防感染"]'),
(3, '第三周：滋养进补，恢复体力', '产后第15-21天，身体状态明显改善，可开始滋补性饮食，恢复体力。', '["可开始简单的产后恢复操（骨盆底肌训练）", "恶露基本结束或仅剩少量淡黄色分泌物", "乳汁分泌旺盛，需注意补充水分", "伤口愈合良好，可轻柔按摩疤痕"]', '["可增加滋补食材：红枣、枸杞、黑芝麻", "继续多喝汤水，保证充足奶水", "少量多餐，避免暴饮暴食"]', '["可短时间户外散步（避开风口）", "开始简单的盆底肌训练", "保持规律作息"]', '["不要过早做高强度运动", "避免久蹲或提重物，保护盆底", "不要忽视心理健康，保持和家人的沟通"]'),
(4, '第四周：调理巩固，稳步恢复', '产后第22-28天，接近满月，身体各项指标逐步恢复，准备出月子。', '["准备月子结束的身体评估（复诊）", "可逐步恢复正常饮食结构", "开始关注产后体重和形体恢复", "为接下来的哺乳期做好准备"]', '["可逐步恢复正常家常饮食", "仍需保持充足蛋白质和水分摄入", "减少高糖高脂食物"]', '["可适当增加户外活动时间", "开始产后康复训练（循序渐进）", "保持良好睡眠习惯"]', '["满月后及时进行产后复查", "盆底肌恢复需持续训练，不能停", "哺乳期避免节食减重，以免影响奶水"]');

-- 4. 宝宝护理表
CREATE TABLE IF NOT EXISTS `baby_care` (
  `category_key` VARCHAR(50) PRIMARY KEY,
  `title` VARCHAR(100) NOT NULL,
  `points` JSON,
  `alerts` JSON
) ENGINE=InnoDB DEFAULT CHARSET=utf8mb4;

INSERT INTO `baby_care` (`category_key`, `title`, `points`, `alerts`) VALUES
('feeding', '喂养建议', '["按需哺乳，新生儿每天喂养8-12次", "每次哺乳持续10-20分钟，确保宝宝吃饱", "喂奶后轻拍宝宝背部排气，约10-15分钟", "观察宝宝吃奶后精神状态，判断是否吃饱", "尿布湿次数每天6次以上、体重正常增长，说明奶水充足"]', NULL),
('sleep', '睡眠管理', '["新生儿每天睡眠16-18小时，分多次小睡", "仰卧入睡，严禁俯卧，防止窒息", "保持室内温度22-24°C，湿度50-60%", "宝宝哭闹时先判断原因：饿了、困了、尿了或需要安抚", "建立简单的睡前仪式（洗澡、抱抱、轻声哼唱）有助于培养睡眠规律"]', NULL),
('diaper', '排便排尿观察', '["出生前3天排胎便（深绿色），属正常现象", "母乳宝宝大便为金黄色糊状，每天1-5次不等", "配方奶宝宝大便为淡黄色或黄褐色", "每天换尿布6-8次，保持臀部干燥清洁", "换尿布时注意脐带护理，保持干燥不碰水"]', '["大便呈白色、灰色或血丝，及时就医", "超过24小时未排尿，立即就医", "腹胀明显、哭闹不止，需观察是否肠胀气"]'),
('temperature', '体温与黄疸观察', '["正常体温36.5-37.2°C，腋温38°C以上为发热", "生理性黄疸：出生2-3天出现，7-10天消退", "每天在自然光下观察宝宝皮肤和眼白颜色", "母乳喂养充足有助于黄疸消退（多吃多排）"]', '["黄疸出现早（24小时内）或消退慢（超过2周），需就医检查", "体温高于38.5°C，及时就医", "皮肤黄染蔓延至手心脚心，需立即就医"]'),
('dailyCare', '日常护理', '["脐带护理：每天用酒精棉球轻擦脐带根部，保持干燥", "沐浴：保持水温38°C，快速洗浴5-10分钟，注意保暖", "皮肤护理：使用无香料婴儿护肤品，避免过度包裹", "口腔：无需特别清洁，喂奶后给少量温水漱口", "眼部：如有分泌物，用湿棉球由内眦向外轻轻擦拭"]', NULL),
('emergencyGuide', '何时需立即就医', NULL, '["体温高于38.5°C或低于36°C", "持续哭闹超过3小时无法安抚", "呼吸急促（每分钟超过60次）或呼吸困难", "拒绝进食超过8小时", "皮肤发绀（嘴唇、指甲发紫）", "反应迟钝、精神萎靡"]');

-- 5. 家庭安排-任务表
CREATE TABLE IF NOT EXISTS `family_plan_tasks` (
  `id` INT AUTO_INCREMENT PRIMARY KEY,
  `week` INT NOT NULL,
  `time` VARCHAR(10) NOT NULL,
  `task` VARCHAR(200) NOT NULL,
  `assignee` VARCHAR(100),
  `status` VARCHAR(20) DEFAULT '待完成'
) ENGINE=InnoDB DEFAULT CHARSET=utf8mb4;

INSERT INTO `family_plan_tasks` (`week`, `time`, `task`, `assignee`, `status`) VALUES
(1, '06:00', '宝宝喂奶', '妈妈 / 爸爸协助', '待完成'),
(1, '07:30', '准备妈妈早餐（小米粥+蒸蛋）', '爸爸 / 奶奶', '待完成'),
(1, '09:00', '宝宝换尿布 + 称重记录', '奶奶 / 月嫂', '待完成'),
(1, '10:00', '妈妈上厕所 / 翻身协助', '爸爸', '待完成'),
(1, '11:30', '准备妈妈午餐（猪肝汤+米饭）', '奶奶 / 月嫂', '待完成'),
(1, '14:00', '宝宝洗澡 + 脐带护理', '月嫂 / 奶奶', '待完成'),
(1, '15:00', '妈妈午休，谢绝探视', '爸爸把关', '待完成'),
(1, '17:30', '准备妈妈晚餐（鸡汤面线）', '奶奶 / 月嫂', '待完成'),
(1, '21:00', '宝宝睡前安抚 + 哄睡', '爸爸 / 妈妈', '待完成'),
(1, '22:00', '夜间喂奶排班', '爸爸负责换尿布，妈妈喂奶', '待完成');

-- 6. 家庭安排-配置表
CREATE TABLE IF NOT EXISTS `family_plan_config` (
  `config_key` VARCHAR(50) PRIMARY KEY,
  `config_value` JSON
) ENGINE=InnoDB DEFAULT CHARSET=utf8mb4;

INSERT INTO `family_plan_config` (`config_key`, `config_value`) VALUES
('member_duties', '[{"name": "爸爸", "emoji": "👨", "duties": ["白天协助喂奶、拍嗝", "夜间换尿布、安抚宝宝", "妈妈如厕、翻身协助", "控制探视频率，守护妈妈休息", "采购月子所需物品"]}, {"name": "奶奶 / 外婆", "emoji": "👵", "duties": ["负责妈妈三餐饮食准备", "协助宝宝换尿布、洗澡", "家务整理、衣物清洗", "白天看护宝宝让妈妈休息"]}, {"name": "月嫂", "emoji": "👩‍⚕️", "duties": ["专业指导母乳喂养姿势", "宝宝护理（洗澡、脐带、抚触）", "夜间看护宝宝", "指导新手爸妈护理技能"]}, {"name": "妈妈", "emoji": "👩", "duties": ["充分休息，按需哺乳", "保持心情愉快", "坚持母乳喂养", "简单产后恢复运动（第三周起）"]}]'),
('weekly_plan', '[{"day": "周一", "focus": "充分休息", "meals": "小米粥 / 猪肝汤"}, {"day": "周二", "focus": "脐带检查", "meals": "鸡蛋羹 / 清蒸鱼"}, {"day": "周三", "focus": "乳房护理", "meals": "花生猪脚汤"}, {"day": "周四", "focus": "宝宝抚触", "meals": "红枣小米粥"}, {"day": "周五", "focus": "妈妈心情陪伴", "meals": "生化汤 / 蒸蛋"}, {"day": "周六", "focus": "家庭大扫除", "meals": "乌鸡汤"}, {"day": "周日", "focus": "亲子陪伴", "meals": "核桃糊 / 黑芝麻糊"}]'),
('tips', '["🤫 月子期间保持安静环境，谢绝不必要的探视", "❤️ 多鼓励妈妈，产后情绪波动很正常", "🔄 夜间喂奶要合理分工，爸爸不能缺席", "📝 建议记录宝宝每次喂奶和尿便情况"]');
